fitness_evolution,fidelity_evolution,single_count,two_qubit_count,telegate_count
9647.0,1.0,3,5,3
9647.541459333497,1.0,3,5,3
9648.08208813382,1.0,3,5,3
9648.621887674912,1.0,3,5,3
9649.160859228748,1.0,3,5,3
9649.699004065369,1.0,3,5,3
9650.236323452853,1.0,3,5,3
9650.772818657342,1.0,3,5,3
9651.308490943033,1.0,3,5,3
9651.843341572183,1.0,3,5,3
9652.377371805114,1.0,3,5,3
9652.910582900216,1.0,3,5,3
9653.442976113945,1.0,3,5,3
9653.974552700834,1.0,3,5,3
9654.50531391349,1.0,3,5,3
9655.035261002598,1.0,3,5,3
9655.564395216927,1.0,3,5,3
9656.092717803323,1.0,3,5,3
9656.62023000673,1.0,3,5,3
9657.146933070178,1.0,3,5,3
9657.672828234789,1.0,3,5,3
9658.197916739779,1.0,3,5,3
9658.72219982247,1.0,3,5,3
9659.245678718282,1.0,3,5,3
9659.768354660739,1.0,3,5,3
9660.290228881475,1.0,3,5,3
9660.811302610235,1.0,3,5,3
9661.331577074876,1.0,3,5,3
9661.851053501372,1.0,3,5,3
9662.36973311382,1.0,3,5,3
9662.887617134433,1.0,3,5,3
9663.404706783555,1.0,3,5,3
9663.921003279655,1.0,3,5,3
9664.436507839333,1.0,3,5,3
9664.951221677326,1.0,3,5,3
9741.280410367635,1.0,3,7,2
9741.677254947139,1.0,3,7,2
9742.073490815023,1.0,3,7,2
9742.469118904979,1.0,3,7,2
9742.864140149264,1.0,3,7,2
9743.258555478706,1.0,3,7,2
9743.652365822705,1.0,3,7,2
9744.045572109235,1.0,3,7,2
9744.438175264848,1.0,3,7,2
9744.830176214673,1.0,3,7,2
9745.221575882422,1.0,3,7,2
9745.612375190387,1.0,3,7,2
9746.00257505945,1.0,3,7,2
9746.392176409077,1.0,3,7,2
9746.781180157324,1.0,3,7,2
9747.16958722084,1.0,3,7,2
9747.557398514866,1.0,3,7,2
9747.94461495324,1.0,3,7,2
9748.331237448401,1.0,3,7,2
9748.717266911384,1.0,3,7,2
9749.10270425183,1.0,3,7,2
9749.487550377982,1.0,3,7,2
9749.871806196694,1.0,3,7,2
9750.255472613424,1.0,3,7,2
9750.638550532243,1.0,3,7,2
9751.021040855836,1.0,3,7,2
9751.402944485504,1.0,3,7,2
9751.784262321165,1.0,3,7,2
9752.164995261355,1.0,3,7,2
9752.545144203234,1.0,3,7,2
9752.924710042582,1.0,3,7,2
9753.303693673812,1.0,3,7,2
9753.682095989958,1.0,3,7,2
9754.059917882687,1.0,3,7,2
9754.4371602423,1.0,3,7,2
9754.813823957731,1.0,3,7,2
9755.189909916548,1.0,3,7,2
9755.56541900496,1.0,3,7,2
9755.94035210782,1.0,3,7,2
9756.314710108616,1.0,3,7,2
9756.688493889487,1.0,3,7,2
9757.061704331218,1.0,3,7,2
9757.43434231324,1.0,3,7,2
9757.806408713637,1.0,3,7,2
9758.177904409147,1.0,3,7,2
9758.548830275162,1.0,3,7,2
9758.919187185733,1.0,3,7,2
9759.288976013566,1.0,3,7,2
9759.658197630033,1.0,3,7,2
9760.026852905168,1.0,3,7,2
9760.39494270767,1.0,3,7,2
9760.762467904906,1.0,3,7,2
9761.12942936291,1.0,3,7,2
9761.495827946392,1.0,3,7,2
9761.861664518732,1.0,3,7,2
9762.22693994199,1.0,3,7,2
9762.591655076898,1.0,3,7,2
9762.95581078287,1.0,3,7,2
9763.319407918007,1.0,3,7,2
9763.682447339084,1.0,3,7,2
9764.044929901569,1.0,3,7,2
9764.406856459616,1.0,3,7,2
9764.76822786607,1.0,3,7,2
9765.129044972464,1.0,3,7,2
9765.489308629027,1.0,3,7,2
9765.849019684685,1.0,3,7,2
9766.208178987063,1.0,3,7,2
9766.566787382482,1.0,3,7,2
9766.924845715967,1.0,3,7,2
9767.282354831244,1.0,3,7,2
9767.639315570752,1.0,3,7,2
9767.99572877563,1.0,3,7,2
9768.35159528573,1.0,3,7,2
9768.706915939618,1.0,3,7,2
9769.061691574569,1.0,3,7,2
9769.415923026576,1.0,3,7,2
9769.769611130352,1.0,3,7,2
9770.122756719327,1.0,3,7,2
9770.475360625653,1.0,3,7,2
9770.827423680204,1.0,3,7,2
9771.178946712584,1.0,3,7,2
9771.52993055112,1.0,3,7,2
9771.88037602287,1.0,3,7,2
9772.230283953624,1.0,3,7,2
9772.579655167905,1.0,3,7,2
9772.92849048897,1.0,3,7,2
9773.276790738817,1.0,3,7,2
9773.62455673818,1.0,3,7,2
9773.971789306534,1.0,3,7,2
9774.318489262096,1.0,3,7,2
9774.66465742183,1.0,3,7,2
9775.01029460145,1.0,3,7,2
9775.355401615412,1.0,3,7,2
9775.699979276927,1.0,3,7,2
9776.044028397959,1.0,3,7,2
9776.387549789224,1.0,3,7,2
9776.730544260196,1.0,3,7,2
9777.073012619105,1.0,3,7,2
9777.414955672944,1.0,3,7,2
9777.75637422747,1.0,3,7,2
9778.0972690872,1.0,3,7,2
9778.43764105542,1.0,3,7,2
9778.777490934179,1.0,3,7,2
9779.1168195243,1.0,3,7,2
9779.45562762538,1.0,3,7,2
9779.793916035784,1.0,3,7,2
9780.131685552655,1.0,3,7,2
9780.468936971913,1.0,3,7,2
9780.805671088256,1.0,3,7,2
9781.141888695163,1.0,3,7,2
9781.477590584902,1.0,3,7,2
9781.812777548515,1.0,3,7,2
9782.147450375842,1.0,3,7,2
9782.481609855502,1.0,3,7,2
9782.815256774911,1.0,3,7,2
9783.148391920271,1.0,3,7,2
9783.481016076585,1.0,3,7,2
9783.813130027645,1.0,3,7,2
9784.144734556048,1.0,3,7,2
9784.475830443183,1.0,3,7,2
9784.806418469248,1.0,3,7,2
9785.136499413238,1.0,3,7,2
9785.466074052956,1.0,3,7,2
9785.795143165013,1.0,3,7,2
9786.123707524825,1.0,3,7,2
9786.451767906621,1.0,3,7,2
9786.779325083446,1.0,3,7,2
9787.10637982715,1.0,3,7,2
9787.43293290841,1.0,3,7,2
9787.758985096712,1.0,3,7,2
9788.084537160366,1.0,3,7,2
9788.409589866505,1.0,3,7,2
9788.73414398108,1.0,3,7,2
9789.058200268873,1.0,3,7,2
9789.381759493488,1.0,3,7,2
9789.70482241736,1.0,3,7,2
9790.027389801755,1.0,3,7,2
9790.349462406772,1.0,3,7,2
9790.67104099134,1.0,3,7,2
9798.64809238234,1.0,3,6,2
9798.956941871566,1.0,3,6,2
9799.265317623007,1.0,3,6,2
9799.573220363316,1.0,3,6,2
9799.880650818039,1.0,3,6,2
9800.187609711602,1.0,3,6,2
9800.494097767325,1.0,3,6,2
9800.800115707414,1.0,3,6,2
9801.105664252971,1.0,3,6,2
9801.41074412399,1.0,3,6,2
9801.715356039364,1.0,3,6,2
9802.019500716875,1.0,3,6,2
9802.323178873212,1.0,3,6,2
9802.626391223963,1.0,3,6,2
9802.929138483616,1.0,3,6,2
9803.231421365566,1.0,3,6,2
9803.533240582112,1.0,3,6,2
9803.83459684446,1.0,3,6,2
9804.135490862725,1.0,3,6,2
9804.435923345934,1.0,3,6,2
9804.735895002028,1.0,3,6,2
9805.035406537858,1.0,3,6,2
9805.334458659194,1.0,3,6,2
9805.633052070722,1.0,3,6,2
9805.931187476046,1.0,3,6,2
9806.228865577694,1.0,3,6,2
9806.526087077114,1.0,3,6,2
9806.822852674679,1.0,3,6,2
9807.119163069687,1.0,3,6,2
9807.415018960362,1.0,3,6,2
9807.710421043861,1.0,3,6,2
9808.00537001627,1.0,3,6,2
9808.299866572603,1.0,3,6,2
9808.593911406815,1.0,3,6,2
9808.887505211793,1.0,3,6,2
9809.18064867936,1.0,3,6,2
9809.473342500278,1.0,3,6,2
9809.765587364252,1.0,3,6,2
9810.05738395993,1.0,3,6,2
9810.348732974897,1.0,3,6,2
9810.639635095691,1.0,3,6,2
9810.930091007793,1.0,3,6,2
9811.220101395631,1.0,3,6,2
9811.50966694259,1.0,3,6,2
9811.798788330996,1.0,3,6,2
9812.08746624214,1.0,3,6,2
9812.375701356259,1.0,3,6,2
9812.663494352553,1.0,3,6,2
9812.950845909174,1.0,3,6,2
9813.23775670324,1.0,3,6,2
9813.524227410826,1.0,3,6,2
9813.810258706972,1.0,3,6,2
9814.095851265682,1.0,3,6,2
9814.381005759924,1.0,3,6,2
9814.66572286164,1.0,3,6,2
9814.950003241735,1.0,3,6,2
9815.233847570087,1.0,3,6,2
9815.517256515548,1.0,3,6,2
9815.800230745941,1.0,3,6,2
9816.082770928067,1.0,3,6,2
9816.364877727703,1.0,3,6,2
9816.646551809608,1.0,3,6,2
9816.927793837516,1.0,3,6,2
9817.208604474146,1.0,3,6,2
9817.488984381202,1.0,3,6,2
9817.768934219368,1.0,3,6,2
9818.04845464832,1.0,3,6,2
9818.327546326718,1.0,3,6,2
9818.606209912215,1.0,3,6,2
9818.884446061455,1.0,3,6,2
9819.162255430072,1.0,3,6,2
9819.439638672695,1.0,3,6,2
9819.71659644295,1.0,3,6,2
9819.99312939346,1.0,3,6,2
9820.269238175852,1.0,3,6,2
9820.54492344074,1.0,3,6,2
9820.820185837756,1.0,3,6,2
9821.095026015524,1.0,3,6,2
9821.36944462168,1.0,3,6,2
9821.643442302862,1.0,3,6,2
9821.917019704719,1.0,3,6,2
9822.190177471908,1.0,3,6,2
9822.4629162481,1.0,3,6,2
9822.735236675973,1.0,3,6,2
9823.007139397225,1.0,3,6,2
9823.278625052566,1.0,3,6,2
9823.549694281726,1.0,3,6,2
9823.820347723453,1.0,3,6,2
9824.090586015514,1.0,3,6,2
9824.360409794697,1.0,3,6,2
9824.629819696818,1.0,3,6,2
9824.89881635671,1.0,3,6,2
9825.16740040824,1.0,3,6,2
9825.435572484297,1.0,3,6,2
9825.703333216805,1.0,3,6,2
9825.970683236712,1.0,3,6,2
9826.237623174002,1.0,3,6,2
9826.504153657694,1.0,3,6,2
9826.770275315837,1.0,3,6,2
9827.035988775524,1.0,3,6,2
9827.30129466288,1.0,3,6,2
9827.566193603072,1.0,3,6,2
9827.830686220306,1.0,3,6,2
9828.094773137836,1.0,3,6,2
9828.358454977953,1.0,3,6,2
9828.621732361999,1.0,3,6,2
9828.884605910358,1.0,3,6,2
9829.147076242469,1.0,3,6,2
9829.409143976813,1.0,3,6,2
9829.67080973093,1.0,3,6,2
9829.932074121405,1.0,3,6,2
9830.192937763886,1.0,3,6,2
9830.453401273067,1.0,3,6,2
9830.71346526271,1.0,3,6,2
9830.973130345625,1.0,3,6,2
9831.232397133686,1.0,3,6,2
9831.491266237834,1.0,3,6,2
9831.749738268063,1.0,3,6,2
9832.007813833441,1.0,3,6,2
9832.265493542092,1.0,3,6,2
9832.522778001217,1.0,3,6,2
9832.77966781708,1.0,3,6,2
9833.036163595016,1.0,3,6,2
9833.292265939428,1.0,3,6,2
9833.5479754538,1.0,3,6,2
9833.803292740684,1.0,3,6,2
9834.05821840171,1.0,3,6,2
9834.312753037582,1.0,3,6,2
9834.56689724809,1.0,3,6,2
9834.820651632097,1.0,3,6,2
9835.07401678755,1.0,3,6,2
9835.326993311477,1.0,3,6,2
9835.579581799995,1.0,3,6,2
9835.8317828483,1.0,3,6,2
9836.083597050681,1.0,3,6,2
9836.335025000511,1.0,3,6,2
9836.586067290256,1.0,3,6,2
9836.836724511471,1.0,3,6,2
9837.086997254806,1.0,3,6,2
9837.336886110003,1.0,3,6,2
9837.5863916659,1.0,3,6,2
9837.83551451043,1.0,3,6,2
9838.08425523063,1.0,3,6,2
9838.332614412628,1.0,3,6,2
9838.58059264166,1.0,3,6,2
9838.828190502061,1.0,3,6,2
9839.075408577271,1.0,3,6,2
9839.322247449834,1.0,3,6,2
9839.568707701403,1.0,3,6,2
9839.814789912734,1.0,3,6,2
9840.060494663698,1.0,3,6,2
9840.30582253327,1.0,3,6,2
9840.550774099544,1.0,3,6,2
9840.79534993972,1.0,3,6,2
9841.039550630121,1.0,3,6,2
9841.283376746178,1.0,3,6,2
9841.526828862445,1.0,3,6,2
9841.769907552589,1.0,3,6,2
9842.012613389405,1.0,3,6,2
9842.2549469448,1.0,3,6,2
9842.496908789813,1.0,3,6,2
9842.738499494602,1.0,3,6,2
9842.97971962845,1.0,3,6,2
9843.22056975977,1.0,3,6,2
9843.461050456097,1.0,3,6,2
9843.701162284104,1.0,3,6,2
9843.940905809588,1.0,3,6,2
9844.180281597482,1.0,3,6,2
9844.41929021185,1.0,3,6,2
9844.657932215892,1.0,3,6,2
9844.896208171944,1.0,3,6,2
9845.13411864148,1.0,3,6,2
9845.371664185112,1.0,3,6,2
9845.60884536259,1.0,3,6,2
9845.84566273281,1.0,3,6,2
9846.082116853808,1.0,3,6,2
9846.318208282764,1.0,3,6,2
9846.553937576005,1.0,3,6,2
9846.789305289001,1.0,3,6,2
9847.024311976375,1.0,3,6,2
9847.258958191895,1.0,3,6,2
9847.493244488482,1.0,3,6,2
9847.727171418206,1.0,3,6,2
9847.960739532296,1.0,3,6,2
9848.19394938113,1.0,3,6,2
9848.426801514242,1.0,3,6,2
9848.659296480328,1.0,3,6,2
9848.891434827236,1.0,3,6,2
9849.123217101978,1.0,3,6,2
9849.354643850727,1.0,3,6,2
9849.585715618814,1.0,3,6,2
9849.81643295074,1.0,3,6,2
9850.046796390163,1.0,3,6,2
9850.276806479915,1.0,3,6,2
9850.506463761989,1.0,3,6,2
9850.735768777553,1.0,3,6,2
9850.964722066936,1.0,3,6,2
9851.193324169648,1.0,3,6,2
9851.421575624365,1.0,3,6,2
9851.649476968938,1.0,3,6,2
9851.877028740395,1.0,3,6,2
9852.104231474937,1.0,3,6,2
9852.331085707949,1.0,3,6,2
9852.557591973984,1.0,3,6,2
9852.783750806786,1.0,3,6,2
9853.009562739273,1.0,3,6,2
9853.23502830355,1.0,3,6,2
9853.460148030903,1.0,3,6,2
9853.684922451803,1.0,3,6,2
9853.90935209591,1.0,3,6,2
9854.13343749207,1.0,3,6,2
9854.357179168315,1.0,3,6,2
9854.580577651874,1.0,3,6,2
9854.80363346916,1.0,3,6,2
9855.026347145784,1.0,3,6,2
9855.248719206546,1.0,3,6,2
9855.470750175446,1.0,3,6,2
9855.692440575674,1.0,3,6,2
9855.913790929624,1.0,3,6,2
9856.134801758886,1.0,3,6,2
9856.355473584248,1.0,3,6,2
9856.575806925703,1.0,3,6,2
9856.795802302444,1.0,3,6,2
9857.015460232866,1.0,3,6,2
9857.234781234572,1.0,3,6,2
9857.453765824373,1.0,3,6,2
9857.67241451828,1.0,3,6,2
9857.890727831518,1.0,3,6,2
9858.108706278521,1.0,3,6,2
9858.326350372934,1.0,3,6,2
9858.54366062761,1.0,3,6,2
9858.760637554624,1.0,3,6,2
9858.977281665257,1.0,3,6,2
9859.193593470009,1.0,3,6,2
9859.409573478597,1.0,3,6,2
9859.625222199957,1.0,3,6,2
9859.840540142244,1.0,3,6,2
9860.055527812834,1.0,3,6,2
9860.27018571832,1.0,3,6,2
9860.484514364525,1.0,3,6,2
9860.698514256494,1.0,3,6,2
9860.912185898493,1.0,3,6,2
9861.12552979402,1.0,3,6,2
9861.338546445797,1.0,3,6,2
9861.55123635578,1.0,3,6,2
9861.763600025144,1.0,3,6,2
9861.97563795431,1.0,3,6,2
9862.18735064292,1.0,3,6,2
9862.398738589856,1.0,3,6,2
9862.609802293231,1.0,3,6,2
9862.820542250396,1.0,3,6,2
9863.03095895794,1.0,3,6,2
9863.241052911686,1.0,3,6,2
9863.4508246067,1.0,3,6,2
9863.66027453729,1.0,3,6,2
9863.869403197,1.0,3,6,2
9864.078211078626,1.0,3,6,2
9864.286698674197,1.0,3,6,2
9864.494866474997,1.0,3,6,2
9864.702714971552,1.0,3,6,2
9864.910244653636,1.0,3,6,2
9865.117456010272,1.0,3,6,2
9865.32434952973,1.0,3,6,2
9865.530925699537,1.0,3,6,2
9865.737185006468,1.0,3,6,2
9865.943127936553,1.0,3,6,2
9866.148754975075,1.0,3,6,2
9866.354066606573,1.0,3,6,2
9866.559063314844,1.0,3,6,2
9866.763745582943,1.0,3,6,2
9866.968113893181,1.0,3,6,2
9867.172168727133,1.0,3,6,2
9867.375910565634,1.0,3,6,2
9867.579339888782,1.0,3,6,2
9867.782457175934,1.0,3,6,2
9867.985262905719,1.0,3,6,2
9868.187757556027,1.0,3,6,2
9868.389941604017,1.0,3,6,2
9868.591815526115,1.0,3,6,2
9868.793379798017,1.0,3,6,2
9868.994634894689,1.0,3,6,2
9869.195581290367,1.0,3,6,2
9869.396219458562,1.0,3,6,2
9869.596549872058,1.0,3,6,2
9869.796573002914,1.0,3,6,2
9869.996289322462,1.0,3,6,2
9870.195699301317,1.0,3,6,2
9870.394803409366,1.0,3,6,2
9870.593602115778,1.0,3,6,2
9870.792095889004,1.0,3,6,2
9870.990285196773,1.0,3,6,2
9871.188170506099,1.0,3,6,2
9871.385752283279,1.0,3,6,2
9871.583030993892,1.0,3,6,2
9871.780007102809,1.0,3,6,2
9871.976681074184,1.0,3,6,2
9872.173053371458,1.0,3,6,2
9872.369124457362,1.0,3,6,2
9872.56489479392,1.0,3,6,2
9872.760364842445,1.0,3,6,2
9872.95553506354,1.0,3,6,2
9873.150405917106,1.0,3,6,2
9873.344977862336,1.0,3,6,2
9873.53925135772,1.0,3,6,2
9873.733226861046,1.0,3,6,2
9873.926904829394,1.0,3,6,2
9874.120285719146,1.0,3,6,2
9874.313369985988,1.0,3,6,2
9874.506158084903,1.0,3,6,2
9874.698650470176,1.0,3,6,2
9874.890847595396,1.0,3,6,2
9875.082749913456,1.0,3,6,2
9875.274357876555,1.0,3,6,2
9875.4656719362,1.0,3,6,2
9875.656692543198,1.0,3,6,2
9875.847420147677,1.0,3,6,2
9876.03785519906,1.0,3,6,2
9876.227998146094,1.0,3,6,2
9876.417849436828,1.0,3,6,2
9876.60740951863,1.0,3,6,2
9876.796678838178,1.0,3,6,2
9876.985657841467,1.0,3,6,2
9877.174346973807,1.0,3,6,2
9877.362746679823,1.0,3,6,2
9877.550857403461,1.0,3,6,2
9877.738679587988,1.0,3,6,2
9877.926213675984,1.0,3,6,2
9878.113460109356,1.0,3,6,2
9878.300419329333,1.0,3,6,2
9878.487091776462,1.0,3,6,2
9878.673477890621,1.0,3,6,2
9878.859578111007,1.0,3,6,2
9879.04539287615,1.0,3,6,2
9879.230922623903,1.0,3,6,2
9879.416167791447,1.0,3,6,2
9879.601128815295,1.0,3,6,2
9879.785806131287,1.0,3,6,2
9879.970200174599,1.0,3,6,2
9880.154311379736,1.0,3,6,2
9880.338140180536,1.0,3,6,2
9880.521687010178,1.0,3,6,2
9880.704952301165,1.0,3,6,2
9880.887936485347,1.0,3,6,2
9881.070639993908,1.0,3,6,2
9881.25306325737,1.0,3,6,2
9881.435206705595,1.0,3,6,2
9881.617070767787,1.0,3,6,2
9881.798655872488,1.0,3,6,2
9881.979962447585,1.0,3,6,2
9882.160990920313,1.0,3,6,2
9882.341741717242,1.0,3,6,2
9882.522215264296,1.0,3,6,2
9882.702411986744,1.0,3,6,2
9882.882332309198,1.0,3,6,2
9883.061976655625,1.0,3,6,2
9883.241345449336,1.0,3,6,2
9883.420439112999,1.0,3,6,2
9883.599258068629,1.0,3,6,2
9883.777802737595,1.0,3,6,2
9883.956073540618,1.0,3,6,2
9884.134070897777,1.0,3,6,2
9884.311795228503,1.0,3,6,2
9884.489246951589,1.0,3,6,2
9884.666426485179,1.0,3,6,2
9884.84333424678,1.0,3,6,2
9885.019970653257,1.0,3,6,2
9885.196336120836,1.0,3,6,2
9885.372431065105,1.0,3,6,2
9885.548255901014,1.0,3,6,2
9885.723811042877,1.0,3,6,2
9885.89909690437,1.0,3,6,2
9886.07411389854,1.0,3,6,2
9886.248862437793,1.0,3,6,2
9886.42334293391,1.0,3,6,2
9886.597555798033,1.0,3,6,2
9886.77150144068,1.0,3,6,2
9886.945180271736,1.0,3,6,2
9887.118592700457,1.0,3,6,2
9887.291739135473,1.0,3,6,2
9887.464619984787,1.0,3,6,2
9887.637235655771,1.0,3,6,2
9887.80958655518,1.0,3,6,2
9887.981673089143,1.0,3,6,2
9888.153495663162,1.0,3,6,2
9888.32505468212,1.0,3,6,2
9888.496350550278,1.0,3,6,2
9888.66738367128,1.0,3,6,2
9888.838154448147,1.0,3,6,2
9889.008663283283,1.0,3,6,2
9889.178910578474,1.0,3,6,2
9889.348896734891,1.0,3,6,2
9889.518622153091,1.0,3,6,2
9889.688087233015,1.0,3,6,2
9889.857292373987,1.0,3,6,2
9890.026237974726,1.0,3,6,2
9890.194924433334,1.0,3,6,2
9890.363352147302,1.0,3,6,2
9890.531521513514,1.0,3,6,2
9890.699432928246,1.0,3,6,2
9890.867086787162,1.0,3,6,2
9891.034483485324,1.0,3,6,2
9891.201623417182,1.0,3,6,2
9891.368506976587,1.0,3,6,2
9891.535134556783,1.0,3,6,2
9891.701506550411,1.0,3,6,2
9891.86762334951,1.0,3,6,2
9892.033485345519,1.0,3,6,2
9892.199092929272,1.0,3,6,2
9892.364446491007,1.0,3,6,2
9892.529546420366,1.0,3,6,2
9892.694393106387,1.0,3,6,2
9892.85898693752,1.0,3,6,2
9893.023328301606,1.0,3,6,2
9893.187417585905,1.0,3,6,2
9893.351255177075,1.0,3,6,2
9893.514841461183,1.0,3,6,2
9893.678176823703,1.0,3,6,2
9893.84126164952,1.0,3,6,2
9894.004096322926,1.0,3,6,2
9894.166681227623,1.0,3,6,2
9894.32901674673,1.0,3,6,2
9894.49110326277,1.0,3,6,2
9894.652941157685,1.0,3,6,2
9894.814530812831,1.0,3,6,2
9894.975872608979,1.0,3,6,2
9895.13696692631,1.0,3,6,2
9895.297814144431,1.0,3,6,2
9895.458414642359,1.0,3,6,2
9895.618768798537,1.0,3,6,2
9895.77887699082,1.0,3,6,2
9895.938739596488,1.0,3,6,2
9896.098356992241,1.0,3,6,2
9896.257729554201,1.0,3,6,2
9896.416857657916,1.0,3,6,2
9896.575741678353,1.0,3,6,2
9896.734381989905,1.0,3,6,2
9896.892778966396,1.0,3,6,2
9897.050932981068,1.0,3,6,2
9897.208844406598,1.0,3,6,2
9897.366513615088,1.0,3,6,2
9897.52394097807,1.0,3,6,2
9897.681126866504,1.0,3,6,2
9897.838071650785,1.0,3,6,2
9897.994775700736,1.0,3,6,2
9898.151239385616,1.0,3,6,2
9898.307463074112,1.0,3,6,2
9898.463447134354,1.0,3,6,2
9898.619191933902,1.0,3,6,2
9898.774697839752,1.0,3,6,2
9898.929965218336,1.0,3,6,2
9899.08499443553,1.0,3,6,2
9899.239785856644,1.0,3,6,2
9899.394339846425,1.0,3,6,2
9899.548656769068,1.0,3,6,2
9899.702736988203,1.0,3,6,2
9899.856580866905,1.0,3,6,2
9900.010188767692,1.0,3,6,2
9900.163561052526,1.0,3,6,2
9900.316698082814,1.0,3,6,2
9900.469600219405,1.0,3,6,2
9900.6222678226,1.0,3,6,2
9900.774701252145,1.0,3,6,2
9900.926900867233,1.0,3,6,2
9901.078867026506,1.0,3,6,2
9901.23060008806,1.0,3,6,2
9901.382100409437,1.0,3,6,2
9901.533368347635,1.0,3,6,2
9901.684404259096,1.0,3,6,2
9901.835208499726,1.0,3,6,2
9901.985781424877,1.0,3,6,2
9902.136123389362,1.0,3,6,2
9902.286234747444,1.0,3,6,2
9902.436115852846,1.0,3,6,2
9902.585767058748,1.0,3,6,2
9902.73518871779,1.0,3,6,2
9902.884381182066,1.0,3,6,2
9903.033344803136,1.0,3,6,2
9903.182079932014,1.0,3,6,2
9903.330586919183,1.0,3,6,2
9903.478866114583,1.0,3,6,2
9903.62691786762,1.0,3,6,2
9903.774742527163,1.0,3,6,2
9903.922340441544,1.0,3,6,2
9904.069711958566,1.0,3,6,2
9904.216857425492,1.0,3,6,2
9904.363777189057,1.0,3,6,2
9904.510471595464,1.0,3,6,2
9904.65694099038,1.0,3,6,2
9904.803185718949,1.0,3,6,2
9904.949206125782,1.0,3,6,2
9905.09500255496,1.0,3,6,2
9905.240575350035,1.0,3,6,2
9905.38592485404,1.0,3,6,2
9905.531051409473,1.0,3,6,2
9905.67595535831,1.0,3,6,2
9905.820637042007,1.0,3,6,2
9905.965096801487,1.0,3,6,2
9906.109334977156,1.0,3,6,2
9906.253351908897,1.0,3,6,2
9906.397147936073,1.0,3,6,2
9906.540723397524,1.0,3,6,2
9906.68407863157,1.0,3,6,2
9906.827213976014,1.0,3,6,2
9906.97012976814,1.0,3,6,2
9907.112826344715,1.0,3,6,2
9907.25530404199,1.0,3,6,2
9907.397563195696,1.0,3,6,2
9907.539604141057,1.0,3,6,2
9907.681427212776,1.0,3,6,2
9907.823032745044,1.0,3,6,2
9907.964421071541,1.0,3,6,2
9908.105592525437,1.0,3,6,2
9908.246547439383,1.0,3,6,2
9908.38728614553,1.0,3,6,2
9908.52780897551,1.0,3,6,2
9908.668116260456,1.0,3,6,2
9908.808208330984,1.0,3,6,2
9908.94808551721,1.0,3,6,2
9909.087748148737,1.0,3,6,2
9909.22719655467,1.0,3,6,2
9909.366431063601,1.0,3,6,2
9909.505452003626,1.0,3,6,2
9909.644259702332,1.0,3,6,2
9909.782854486806,1.0,3,6,2
9909.921236683633,1.0,3,6,2
9910.059406618895,1.0,3,6,2
9910.197364618176,1.0,3,6,2
9910.335111006561,1.0,3,6,2
9910.472646108637,1.0,3,6,2
9910.609970248488,1.0,3,6,2
9910.747083749708,1.0,3,6,2
9910.88398693539,1.0,3,6,2
9911.020680128131,1.0,3,6,2
9911.157163650038,1.0,3,6,2
9911.293437822718,1.0,3,6,2
9911.429502967288,1.0,3,6,2
9911.565359404372,1.0,3,6,2
9911.701007454103,1.0,3,6,2
9911.83644743612,1.0,3,6,2
9911.971679669577,1.0,3,6,2
9912.106704473132,1.0,3,6,2
9912.241522164959,1.0,3,6,2
9912.37613306274,1.0,3,6,2
9912.510537483677,1.0,3,6,2
9912.644735744476,1.0,3,6,2
9912.778728161364,1.0,3,6,2
9912.912515050079,1.0,3,6,2
9913.046096725877,1.0,3,6,2
9913.179473503531,1.0,3,6,2
9913.312645697328,1.0,3,6,2
9913.445613621077,1.0,3,6,2
9913.578377588103,1.0,3,6,2
9913.71093791125,1.0,3,6,2
9913.843294902883,1.0,3,6,2
9913.97544887489,1.0,3,6,2
9914.107400138675,1.0,3,6,2
9914.239149005172,1.0,3,6,2
9914.370695784832,1.0,3,6,2
9914.50204078763,1.0,3,6,2
9914.633184323071,1.0,3,6,2
9914.76412670018,1.0,3,6,2
9914.894868227508,1.0,3,6,2
9915.025409213136,1.0,3,6,2
9915.15574996467,1.0,3,6,2
9915.285890789246,1.0,3,6,2
9915.415831993527,1.0,3,6,2
9915.545573883704,1.0,3,6,2
9915.675116765506,1.0,3,6,2
9915.804460944184,1.0,3,6,2
9915.933606724526,1.0,3,6,2
9916.06255441085,1.0,3,6,2
9916.191304307009,1.0,3,6,2
9916.319856716389,1.0,3,6,2
9916.448211941912,1.0,3,6,2
9916.576370286031,1.0,3,6,2
9916.704332050742,1.0,3,6,2
9916.832097537572,1.0,3,6,2
9916.959667047588,1.0,3,6,2
9917.087040881393,1.0,3,6,2
9917.214219339136,1.0,3,6,2
9917.341202720494,1.0,3,6,2
9917.467991324695,1.0,3,6,2
9917.5945854505,1.0,3,6,2
9917.720985396218,1.0,3,6,2
9917.847191459698,1.0,3,6,2
9917.973203938329,1.0,3,6,2
9918.09902312905,1.0,3,6,2
9918.22464932834,1.0,3,6,2
9918.350082832225,1.0,3,6,2
9918.475323936274,1.0,3,6,2
9918.600372935609,1.0,3,6,2
9918.725230124892,1.0,3,6,2
9918.84989579834,1.0,3,6,2
9918.97437024971,1.0,3,6,2
9919.09865377232,1.0,3,6,2
9919.222746659027,1.0,3,6,2
9919.346649202243,1.0,3,6,2
9919.470361693935,1.0,3,6,2
9919.593884425618,1.0,3,6,2
9919.71721768836,1.0,3,6,2
9919.840361772784,1.0,3,6,2
9919.963316969068,1.0,3,6,2
9920.086083566941,1.0,3,6,2
9920.208661855691,1.0,3,6,2
9920.331052124162,1.0,3,6,2
9920.453254660755,1.0,3,6,2
9920.575269753426,1.0,3,6,2
9920.697097689696,1.0,3,6,2
9920.818738756632,1.0,3,6,2
9920.940193240878,1.0,3,6,2
9921.061461428622,1.0,3,6,2
9921.182543605626,1.0,3,6,2
9921.303440057205,1.0,3,6,2
9921.424151068239,1.0,3,6,2
9921.544676923173,1.0,3,6,2
9921.665017906013,1.0,3,6,2
9921.78517430033,1.0,3,6,2
9921.905146389261,1.0,3,6,2
9922.02493445551,1.0,3,6,2
9922.144538781344,1.0,3,6,2
9922.263959648597,1.0,3,6,2
9922.383197338673,1.0,3,6,2
9922.502252132546,1.0,3,6,2
9922.621124310755,1.0,3,6,2
9922.739814153412,1.0,3,6,2
9922.858321940195,1.0,3,6,2
9922.976647950356,1.0,3,6,2
9923.09479246272,1.0,3,6,2
9923.212755755681,1.0,3,6,2
9923.330538107211,1.0,3,6,2
9923.448139794848,1.0,3,6,2
9923.565561095711,1.0,3,6,2
9923.682802286492,1.0,3,6,2
9923.799863643455,1.0,3,6,2
9923.916745442446,1.0,3,6,2
9924.033447958886,1.0,3,6,2
9924.14997146777,1.0,3,6,2
9924.266316243677,1.0,3,6,2
9924.382482560759,1.0,3,6,2
9924.49847069275,1.0,3,6,2
9924.614280912969,1.0,3,6,2
9924.729913494306,1.0,3,6,2
9924.845368709239,1.0,3,6,2
9924.960646829828,1.0,3,6,2
9925.075748127712,1.0,3,6,2
9925.19067287412,1.0,3,6,2
9925.305421339855,1.0,3,6,2
9925.419993795316,1.0,3,6,2
9925.534390510476,1.0,3,6,2
9925.648611754903,1.0,3,6,2
9925.762657797746,1.0,3,6,2
9925.876528907746,1.0,3,6,2
9925.990225353224,1.0,3,6,2
9926.103747402098,1.0,3,6,2
9926.21709532187,1.0,3,6,2
9926.330269379634,1.0,3,6,2
9926.443269842071,1.0,3,6,2
9926.556096975459,1.0,3,6,2
9926.66875104566,1.0,3,6,2
9926.781232318133,1.0,3,6,2
9926.89354105793,1.0,3,6,2
9927.005677529696,1.0,3,6,2
9927.117641997667,1.0,3,6,2
9927.229434725677,1.0,3,6,2
9927.341055977155,1.0,3,6,2
9927.452506015125,1.0,3,6,2
9927.563785102206,1.0,3,6,2
9927.674893500618,1.0,3,6,2
9927.785831472178,1.0,3,6,2
9927.896599278296,1.0,3,6,2
9928.00719717999,1.0,3,6,2
9928.11762543787,1.0,3,6,2
9928.22788431215,1.0,3,6,2
9928.33797406264,1.0,3,6,2
9928.447894948764,1.0,3,6,2
9928.557647229532,1.0,3,6,2
9928.667231163568,1.0,3,6,2
9928.776647009094,1.0,3,6,2
9928.885895023937,1.0,3,6,2
9928.994975465532,1.0,3,6,2
9929.103888590911,1.0,3,6,2
9929.212634656722,1.0,3,6,2
9929.321213919211,1.0,3,6,2
9929.429626634235,1.0,3,6,2
9929.53787305726,1.0,3,6,2
9929.645953443354,1.0,3,6,2
9929.753868047199,1.0,3,6,2
9929.861617123084,1.0,3,6,2
9929.969200924912,1.0,3,6,2
9930.076619706191,1.0,3,6,2
9930.183873720043,1.0,3,6,2
9930.290963219202,1.0,3,6,2
9930.397888456011,1.0,3,6,2
9930.504649682433,1.0,3,6,2
9930.611247150036,1.0,3,6,2
9930.717681110009,1.0,3,6,2
9930.823951813152,1.0,3,6,2
9930.93005950988,1.0,3,6,2
9931.036004450227,1.0,3,6,2
9931.14178688384,1.0,3,6,2
9931.247407059987,1.0,3,6,2
9931.352865227549,1.0,3,6,2
9931.45816163503,1.0,3,6,2
9931.563296530547,1.0,3,6,2
9931.668270161843,1.0,3,6,2
9931.773082776275,1.0,3,6,2
9931.877734620826,1.0,3,6,2
9931.982225942096,1.0,3,6,2
9932.08655698631,1.0,3,6,2
9932.190727999312,1.0,3,6,2
9932.29473922657,1.0,3,6,2
9932.398590913179,1.0,3,6,2
9932.502283303851,1.0,3,6,2
9932.60581664293,1.0,3,6,2
9932.709191174381,1.0,3,6,2
9932.812407141795,1.0,3,6,2
9932.915464788392,1.0,3,6,2
9933.018364357013,1.0,3,6,2
9933.121106090135,1.0,3,6,2
9933.223690229855,1.0,3,6,2
9933.326117017905,1.0,3,6,2
9933.428386695641,1.0,3,6,2
9933.530499504055,1.0,3,6,2
9933.63245568376,1.0,3,6,2
9933.73425547501,1.0,3,6,2
9933.835899117686,1.0,3,6,2
9933.937386851298,1.0,3,6,2
9934.038718914993,1.0,3,6,2
9934.13989554755,1.0,3,6,2
9934.240916987384,1.0,3,6,2
9934.341783472539,1.0,3,6,2
9934.442495240695,1.0,3,6,2
9934.543052529174,1.0,3,6,2
9934.643455574924,1.0,3,6,2
9934.743704614539,1.0,3,6,2
9934.843799884244,1.0,3,6,2
9934.943741619903,1.0,3,6,2
9935.04353005702,1.0,3,6,2
9935.143165430736,1.0,3,6,2
9935.242647975832,1.0,3,6,2
9935.341977926728,1.0,3,6,2
9935.441155517483,1.0,3,6,2
9935.540180981803,1.0,3,6,2
9935.63905455303,1.0,3,6,2
9935.737776464148,1.0,3,6,2
9935.836346947788,1.0,3,6,2
9935.93476623622,1.0,3,6,2
9936.033034561358,1.0,3,6,2
9936.131152154765,1.0,3,6,2
9936.22911924764,1.0,3,6,2
9936.326936070838,1.0,3,6,2
9936.424602854851,1.0,3,6,2
9936.522119829824,1.0,3,6,2
9936.619487225542,1.0,3,6,2
9936.716705271445,1.0,3,6,2
9936.813774196615,1.0,3,6,2
9936.910694229788,1.0,3,6,2
9937.007465599343,1.0,3,6,2
9937.104088533315,1.0,3,6,2
9937.200563259383,1.0,3,6,2
9937.296890004884,1.0,3,6,2
9937.393068996798,1.0,3,6,2
9937.489100461766,1.0,3,6,2
9937.584984626072,1.0,3,6,2
9937.68072171566,1.0,3,6,2
9937.776311956124,1.0,3,6,2
9937.871755572714,1.0,3,6,2
9937.96705279033,1.0,3,6,2
9938.062203833535,1.0,3,6,2
9938.15720892654,1.0,3,6,2
9938.252068293214,1.0,3,6,2
9938.346782157087,1.0,3,6,2
9938.44135074134,1.0,3,6,2
9938.535774268814,1.0,3,6,2
9938.63005296201,1.0,3,6,2
9938.724187043086,1.0,3,6,2
9938.81817673386,1.0,3,6,2
9938.912022255809,1.0,3,6,2
9939.005723830069,1.0,3,6,2
9939.09928167744,1.0,3,6,2
9939.192696018381,1.0,3,6,2
9939.285967073016,1.0,3,6,2
9939.379095061124,1.0,3,6,2
9939.472080202157,1.0,3,6,2
9939.56492271522,1.0,3,6,2
9939.657622819092,1.0,3,6,2
9939.750180732208,1.0,3,6,2
9939.842596672672,1.0,3,6,2
9939.934870858255,1.0,3,6,2
9940.02700350639,1.0,3,6,2
9940.118994834178,1.0,3,6,2
9940.210845058387,1.0,3,6,2
9940.302554395455,1.0,3,6,2
9940.394123061486,1.0,3,6,2
9940.48555127225,1.0,3,6,2
9940.57683924319,1.0,3,6,2
9940.667987189414,1.0,3,6,2
9940.758995325707,1.0,3,6,2
9940.849863866519,1.0,3,6,2
9940.940593025973,1.0,3,6,2
9941.031183017862,1.0,3,6,2
9941.121634055653,1.0,3,6,2
9941.211946352485,1.0,3,6,2
9941.302120121169,1.0,3,6,2
9941.39215557419,1.0,3,6,2
9941.482052923711,1.0,3,6,2
9941.571812381562,1.0,3,6,2
9941.661434159254,1.0,3,6,2
9941.750918467971,1.0,3,6,2
9941.840265518576,1.0,3,6,2
9941.929475521603,1.0,3,6,2
9942.018548687269,1.0,3,6,2
9942.107485225464,1.0,3,6,2
9942.196285345759,1.0,3,6,2
9942.284949257402,1.0,3,6,2
9942.373477169323,1.0,3,6,2
9942.461869290128,1.0,3,6,2
9942.5501258281,1.0,3,6,2
9942.638246991213,1.0,3,6,2
9942.726232987112,1.0,3,6,2
9942.814084023128,1.0,3,6,2
9942.901800306274,1.0,3,6,2
9942.989382043243,1.0,3,6,2
9943.076829440412,1.0,3,6,2
9943.164142703845,1.0,3,6,2
9943.251322039285,1.0,3,6,2
9943.33836765216,1.0,3,6,2
9943.42527974759,1.0,3,6,2
9943.512058530367,1.0,3,6,2
9943.59870420498,1.0,3,6,2
9943.685216975602,1.0,3,6,2
9943.771597046092,1.0,3,6,2
9943.857844619992,1.0,3,6,2
9943.94395990054,1.0,3,6,2
9944.029943090654,1.0,3,6,2
9944.115794392948,1.0,3,6,2
9944.201514009723,1.0,3,6,2
9944.287102142964,1.0,3,6,2
9944.372558994355,1.0,3,6,2
9944.457884765265,1.0,3,6,2
9944.543079656754,1.0,3,6,2
9944.628143869579,1.0,3,6,2
9944.713077604181,1.0,3,6,2
9944.797881060702,1.0,3,6,2
9944.88255443897,1.0,3,6,2
9944.967097938508,1.0,3,6,2
9945.051511758538,1.0,3,6,2
9945.135796097971,1.0,3,6,2
9945.219951155415,1.0,3,6,2
9945.303977129173,1.0,3,6,2
9945.387874217242,1.0,3,6,2
9945.47164261732,1.0,3,6,2
9945.555282526795,1.0,3,6,2
9945.63879414276,1.0,3,6,2
9945.722177661999,1.0,3,6,2
9945.805433280999,1.0,3,6,2
9945.888561195941,1.0,3,6,2
9945.971561602712,1.0,3,6,2
9946.054434696887,1.0,3,6,2
9946.137180673755,1.0,3,6,2
9946.219799728295,1.0,3,6,2
9946.302292055192,1.0,3,6,2
9946.384657848828,1.0,3,6,2
9946.466897303295,1.0,3,6,2
9946.549010612378,1.0,3,6,2
9946.630997969569,1.0,3,6,2
9946.712859568064,1.0,3,6,2
9946.79459560076,1.0,3,6,2
9946.876206260264,1.0,3,6,2
9946.957691738879,1.0,3,6,2
9947.03905222862,1.0,3,6,2
9947.120287921201,1.0,3,6,2
9947.20139900805,1.0,3,6,2
9947.282385680297,1.0,3,6,2
9947.363248128775,1.0,3,6,2
9947.443986544033,1.0,3,6,2
9947.524601116318,1.0,3,6,2
9947.605092035596,1.0,3,6,2
9947.68545949153,1.0,3,6,2
9947.765703673502,1.0,3,6,2
9947.845824770597,1.0,3,6,2
9947.925822971612,1.0,3,6,2
9948.005698465058,1.0,3,6,2
9948.08545143915,1.0,3,6,2
9948.165082081821,1.0,3,6,2
9948.24459058071,1.0,3,6,2
9948.323977123171,1.0,3,6,2
9948.403241896272,1.0,3,6,2
9948.482385086792,1.0,3,6,2
9948.561406881225,1.0,3,6,2
9948.640307465774,1.0,3,6,2
9948.719087026364,1.0,3,6,2
9948.797745748629,1.0,3,6,2
9948.876283817923,1.0,3,6,2
9948.95470141931,1.0,3,6,2
9949.032998737575,1.0,3,6,2
9949.111175957218,1.0,3,6,2
9949.189233262456,1.0,3,6,2
9949.26717083722,1.0,3,6,2
9949.344988865167,1.0,3,6,2
9949.422687529663,1.0,3,6,2
9949.5002670138,1.0,3,6,2
9949.577727500384,1.0,3,6,2
9949.655069171946,1.0,3,6,2
9949.73229221073,1.0,3,6,2
9949.809396798708,1.0,3,6,2
9949.886383117566,1.0,3,6,2
9949.963251348718,1.0,3,6,2
9950.040001673293,1.0,3,6,2
9950.116634272146,1.0,3,6,2
9950.193149325856,1.0,3,6,2
9950.269547014723,1.0,3,6,2
9950.345827518768,1.0,3,6,2
9950.42199101774,1.0,3,6,2
9950.49803769111,1.0,3,6,2
9950.573967718074,1.0,3,6,2
9950.649781277554,1.0,3,6,2
9950.725478548198,1.0,3,6,2
9950.80105970838,1.0,3,6,2
9950.876524936195,1.0,3,6,2
9950.951874409473,1.0,3,6,2
9951.027108305767,1.0,3,6,2
9951.102226802357,1.0,3,6,2
9951.177230076251,1.0,3,6,2
9951.25211830419,1.0,3,6,2
9951.326891662638,1.0,3,6,2
9951.401550327793,1.0,3,6,2
9951.47609447558,1.0,3,6,2
9951.550524281653,1.0,3,6,2
9951.6248399214,1.0,3,6,2
9951.699041569938,1.0,3,6,2
9951.773129402116,1.0,3,6,2
9951.847103592514,1.0,3,6,2
9951.920964315446,1.0,3,6,2
9951.994711744956,1.0,3,6,2
9952.068346054823,1.0,3,6,2
9952.141867418557,1.0,3,6,2
9952.215276009407,1.0,3,6,2
9952.28857200035,1.0,3,6,2
9952.361755564105,1.0,3,6,2
9952.434826873116,1.0,3,6,2
9952.507786099572,1.0,3,6,2
9952.580633415393,1.0,3,6,2
9952.653368992236,1.0,3,6,2
9952.725993001497,1.0,3,6,2
9952.798505614304,1.0,3,6,2
9952.870907001528,1.0,3,6,2
9952.943197333776,1.0,3,6,2
9953.015376781392,1.0,3,6,2
9953.087445514459,1.0,3,6,2
9953.159403702799,1.0,3,6,2
9953.231251515976,1.0,3,6,2
9953.302989123293,1.0,3,6,2
9953.37461669379,1.0,3,6,2
9953.446134396252,1.0,3,6,2
9953.517542399202,1.0,3,6,2
9953.588840870907,1.0,3,6,2
9953.660029979374,1.0,3,6,2
9953.731109892353,1.0,3,6,2
9953.802080777337,1.0,3,6,2
9953.872942801561,1.0,3,6,2
9953.943696132006,1.0,3,6,2
9954.014340935393,1.0,3,6,2
9954.08487737819,1.0,3,6,2
9954.155305626611,1.0,3,6,2
9954.22562584661,1.0,3,6,2
9954.29583820389,1.0,3,6,2
9954.365942863904,1.0,3,6,2
9954.43593999184,1.0,3,6,2
9954.505829752643,1.0,3,6,2
9954.575612311,1.0,3,6,2
9954.645287831347,1.0,3,6,2
9954.714856477867,1.0,3,6,2
9954.784318414493,1.0,3,6,2
9954.853673804904,1.0,3,6,2
9954.922922812528,1.0,3,6,2
9954.992065600545,1.0,3,6,2
9955.061102331882,1.0,3,6,2
9955.130033169218,1.0,3,6,2
9955.19885827498,1.0,3,6,2
9955.26757781135,1.0,3,6,2
9955.336191940256,1.0,3,6,2
9955.404700823383,1.0,3,6,2
9955.473104622162,1.0,3,6,2
9955.541403497782,1.0,3,6,2
9955.609597611183,1.0,3,6,2
9955.677687123056,1.0,3,6,2
9955.745672193847,1.0,3,6,2
9955.813552983756,1.0,3,6,2
9955.88132965274,1.0,3,6,2
9955.949002360505,1.0,3,6,2
9956.016571266515,1.0,3,6,2
9956.084036529992,1.0,3,6,2
9956.151398309907,1.0,3,6,2
9956.218656764995,1.0,3,6,2
9956.285812053742,1.0,3,6,2
9956.352864334393,1.0,3,6,2
9956.41981376495,1.0,3,6,2
9956.486660503171,1.0,3,6,2
9956.553404706578,1.0,3,6,2
9956.620046532442,1.0,3,6,2
9956.686586137801,1.0,3,6,2
9956.753023679446,1.0,3,6,2
9956.819359313935,1.0,3,6,2
9956.885593197578,1.0,3,6,2
9956.95172548645,1.0,3,6,2
9957.017756336381,1.0,3,6,2
9957.083685902971,1.0,3,6,2
9957.149514341576,1.0,3,6,2
9957.215241807311,1.0,3,6,2
9957.280868455058,1.0,3,6,2
9957.34639443946,1.0,3,6,2
9957.411819914922,1.0,3,6,2
9957.477145035613,1.0,3,6,2
9957.542369955463,1.0,3,6,2
9957.607494828171,1.0,3,6,2
9957.672519807194,1.0,3,6,2
9957.737445045761,1.0,3,6,2
9957.802270696859,1.0,3,6,2
9957.866996913242,1.0,3,6,2
9957.931623847435,1.0,3,6,2
9957.99615165172,1.0,3,6,2
9958.060580478153,1.0,3,6,2
9958.124910478555,1.0,3,6,2
9958.18914180451,1.0,3,6,2
9958.253274607376,1.0,3,6,2
9958.317309038273,1.0,3,6,2
9958.381245248092,1.0,3,6,2
9958.445083387494,1.0,3,6,2
9958.508823606908,1.0,3,6,2
9958.572466056527,1.0,3,6,2
9958.636010886321,1.0,3,6,2
9958.699458246028,1.0,3,6,2
9958.762808285153,1.0,3,6,2
9958.826061152975,1.0,3,6,2
9958.889216998543,1.0,3,6,2
9958.952275970678,1.0,3,6,2
9959.015238217971,1.0,3,6,2
9959.078103888787,1.0,3,6,2
9959.140873131262,1.0,3,6,2
9959.203546093306,1.0,3,6,2
9959.266122922601,1.0,3,6,2
9959.328603766604,1.0,3,6,2
9959.390988772546,1.0,3,6,2
9959.453278087427,1.0,3,6,2
9959.515471858027,1.0,3,6,2
9959.577570230902,1.0,3,6,2
9959.639573352379,1.0,3,6,2
9959.70148136856,1.0,3,6,2
9959.76329442533,1.0,3,6,2
9959.825012668338,1.0,3,6,2
9959.886636243024,1.0,3,6,2
9959.948165294594,1.0,3,6,2
9960.009599968036,1.0,3,6,2
9960.070940408114,1.0,3,6,2
9960.13218675937,1.0,3,6,2
9960.193339166128,1.0,3,6,2
9960.254397772484,1.0,3,6,2
9960.315362722318,1.0,3,6,2
9960.376234159288,1.0,3,6,2
9960.437012226832,1.0,3,6,2
9960.497697068166,1.0,3,6,2
9960.558288826287,1.0,3,6,2
9960.618787643976,1.0,3,6,2
9960.679193663791,1.0,3,6,2
9960.739507028073,1.0,3,6,2
9960.799727878943,1.0,3,6,2
9960.859856358307,1.0,3,6,2
9960.919892607852,1.0,3,6,2
9960.979836769046,1.0,3,6,2
9961.039688983143,1.0,3,6,2
9961.099449391177,1.0,3,6,2
9961.159118133968,1.0,3,6,2
9961.21869535212,1.0,3,6,2
9961.278181186019,1.0,3,6,2
9961.33757577584,1.0,3,6,2
9961.39687926154,1.0,3,6,2
9961.45609178286,1.0,3,6,2
9961.515213479328,1.0,3,6,2
9961.57424449026,1.0,3,6,2
9961.633184954759,1.0,3,6,2
9961.692035011707,1.0,3,6,2
9961.75079479978,1.0,3,6,2
9961.809464457443,1.0,3,6,2
9961.86804412294,1.0,3,6,2
9961.926533934311,1.0,3,6,2
9961.984934029382,1.0,3,6,2
9962.043244545765,1.0,3,6,2
9962.101465620864,1.0,3,6,2
9962.159597391872,1.0,3,6,2
9962.217639995768,1.0,3,6,2
9962.275593569326,1.0,3,6,2
9962.333458249106,1.0,3,6,2
9962.391234171462,1.0,3,6,2
9962.448921472536,1.0,3,6,2
9962.506520288263,1.0,3,6,2
9962.564030754367,1.0,3,6,2
9962.62145300637,1.0,3,6,2
9962.678787179577,1.0,3,6,2
9962.736033409092,1.0,3,6,2
9962.79319182981,1.0,3,6,2
9962.850262576421,1.0,3,6,2
9962.907245783405,1.0,3,6,2
9962.964141585035,1.0,3,6,2
9963.020950115384,1.0,3,6,2
9963.077671508312,1.0,3,6,2
9963.13430589748,1.0,3,6,2
9963.19085341634,1.0,3,6,2
9963.24731419814,1.0,3,6,2
9963.303688375927,1.0,3,6,2
9963.359976082538,1.0,3,6,2
9963.416177450612,1.0,3,6,2
9963.472292612578,1.0,3,6,2
9963.528321700669,1.0,3,6,2
9963.584264846912,1.0,3,6,2
9963.64012218313,1.0,3,6,2
9963.695893840944,1.0,3,6,2
9963.751579951777,1.0,3,6,2
9963.807180646847,1.0,3,6,2
9963.862696057171,1.0,3,6,2
9963.918126313565,1.0,3,6,2
9963.973471546646,1.0,3,6,2
9964.028731886829,1.0,3,6,2
9964.08390746433,1.0,3,6,2
9964.138998409162,1.0,3,6,2
9964.194004851146,1.0,3,6,2
9964.248926919894,1.0,3,6,2
9964.30376474483,1.0,3,6,2
9964.358518455168,1.0,3,6,2
9964.413188179933,1.0,3,6,2
9964.467774047947,1.0,3,6,2
9964.52227618784,1.0,3,6,2
9964.576694728035,1.0,3,6,2
9964.631029796768,1.0,3,6,2
9964.685281522074,1.0,3,6,2
9964.73945003179,1.0,3,6,2
9964.793535453558,1.0,3,6,2
9964.84753791483,1.0,3,6,2
9964.90145754285,1.0,3,6,2
9964.955294464678,1.0,3,6,2
9965.009048807176,1.0,3,6,2
9965.06272069701,1.0,3,6,2
9965.116310260652,1.0,3,6,2
9965.16981762438,1.0,3,6,2
9965.22324291428,1.0,3,6,2
9965.276586256243,1.0,3,6,2
9965.329847775967,1.0,3,6,2
9965.383027598957,1.0,3,6,2
9965.436125850525,1.0,3,6,2
9965.489142655795,1.0,3,6,2
9965.542078139693,1.0,3,6,2
9965.594932426957,1.0,3,6,2
9965.647705642132,1.0,3,6,2
9965.700397909575,1.0,3,6,2
9965.753009353448,1.0,3,6,2
9965.805540097725,1.0,3,6,2
9965.85799026619,1.0,3,6,2
9965.910359982434,1.0,3,6,2
9965.962649369865,1.0,3,6,2
9966.014858551696,1.0,3,6,2
9966.066987650953,1.0,3,6,2
9966.119036790471,1.0,3,6,2
9966.1710060929,1.0,3,6,2
9966.222895680701,1.0,3,6,2
9966.274705676147,1.0,3,6,2
9966.326436201321,1.0,3,6,2
9966.378087378123,1.0,3,6,2
9966.429659328262,1.0,3,6,2
9966.481152173263,1.0,3,6,2
9966.532566034464,1.0,3,6,2
9966.583901033015,1.0,3,6,2
9966.635157289884,1.0,3,6,2
9966.686334925851,1.0,3,6,2
9966.737434061508,1.0,3,6,2
9966.78845481727,1.0,3,6,2
9966.839397313357,1.0,3,6,2
9966.890261669814,1.0,3,6,2
9966.941048006494,1.0,3,6,2
9966.991756443074,1.0,3,6,2
9967.042387099042,1.0,3,6,2
9967.0929400937,1.0,3,6,2
9967.143415546177,1.0,3,6,2
9967.19381357541,1.0,3,6,2
9967.24413430016,1.0,3,6,2
9967.294377838996,1.0,3,6,2
9967.34454431032,1.0,3,6,2
9967.394633832339,1.0,3,6,2
9967.444646523085,1.0,3,6,2
9967.494582500409,1.0,3,6,2
9967.54444188198,1.0,3,6,2
9967.594224785285,1.0,3,6,2
9967.643931327635,1.0,3,6,2
9967.693561626156,1.0,3,6,2
9967.743115797797,1.0,3,6,2
9967.79259395933,1.0,3,6,2
9967.841996227342,1.0,3,6,2
9967.891322718246,1.0,3,6,2
9967.940573548276,1.0,3,6,2
9967.989748833485,1.0,3,6,2
9968.03884868975,1.0,3,6,2
9968.087873232771,1.0,3,6,2
9968.136822578068,1.0,3,6,2
9968.185696840987,1.0,3,6,2
9968.234496136693,1.0,3,6,2
9968.283220580177,1.0,3,6,2
9968.331870286254,1.0,3,6,2
9968.380445369563,1.0,3,6,2
9968.428945944564,1.0,3,6,2
9968.477372125546,1.0,3,6,2
9968.52572402662,1.0,3,6,2
9968.57400176172,1.0,3,6,2
9968.622205444612,1.0,3,6,2
9968.670335188881,1.0,3,6,2
9968.718391107937,1.0,3,6,2
9968.766373315024,1.0,3,6,2
9968.814281923203,1.0,3,6,2
9968.86211704537,1.0,3,6,2
9968.90987879424,1.0,3,6,2
9968.95756728236,1.0,3,6,2
9969.005182622102,1.0,3,6,2
9969.05272492567,1.0,3,6,2
9969.10019430509,1.0,3,6,2
9969.14759087222,1.0,3,6,2
9969.194914738744,1.0,3,6,2
9969.242166016178,1.0,3,6,2
9969.289344815863,1.0,3,6,2
9969.33645124897,1.0,3,6,2
9969.383485426504,1.0,3,6,2
9969.430447459294,1.0,3,6,2
9969.477337458002,1.0,3,6,2
9969.52415553312,1.0,3,6,2
9969.57090179497,1.0,3,6,2
9969.617576353703,1.0,3,6,2
9969.664179319305,1.0,3,6,2
9969.710710801592,1.0,3,6,2
9969.757170910207,1.0,3,6,2
9969.803559754631,1.0,3,6,2
9969.849877444176,1.0,3,6,2
9969.896124087983,1.0,3,6,2
9969.94229979503,1.0,3,6,2
9969.98840467412,1.0,3,6,2
9970.034438833902,1.0,3,6,2
9970.080402382844,1.0,3,6,2
9970.126295429258,1.0,3,6,2
9970.172118081286,1.0,3,6,2
9970.217870446904,1.0,3,6,2
9970.263552633924,1.0,3,6,2
9970.309164749991,1.0,3,6,2
9970.354706902584,1.0,3,6,2
9970.40017919902,1.0,3,6,2
9970.44558174645,1.0,3,6,2
9970.490914651858,1.0,3,6,2
9970.53617802207,1.0,3,6,2
9970.581371963743,1.0,3,6,2
9970.62649658337,1.0,3,6,2
9970.671551987287,1.0,3,6,2
9970.71653828166,1.0,3,6,2
9970.761455572494,1.0,3,6,2
9970.806303965634,1.0,3,6,2
9970.851083566758,1.0,3,6,2
9970.895794481386,1.0,3,6,2
9970.940436814877,1.0,3,6,2
9970.985010672424,1.0,3,6,2
9971.02951615906,1.0,3,6,2
9971.07395337966,1.0,3,6,2
9971.118322438935,1.0,3,6,2
9971.162623441434,1.0,3,6,2
9971.206856491552,1.0,3,6,2
9971.251021693515,1.0,3,6,2
9971.295119151398,1.0,3,6,2
9971.33914896911,1.0,3,6,2
9971.383111250403,1.0,3,6,2
9971.427006098871,1.0,3,6,2
9971.470833617946,1.0,3,6,2
9971.514593910906,1.0,3,6,2
9971.558287080865,1.0,3,6,2
9971.601913230781,1.0,3,6,2
9971.645472463457,1.0,3,6,2
9971.688964881536,1.0,3,6,2
9971.7323905875,1.0,3,6,2
9971.775749683682,1.0,3,6,2
9971.819042272251,1.0,3,6,2
9971.862268455221,1.0,3,6,2
9971.905428334452,1.0,3,6,2
9971.948522011644,1.0,3,6,2
9971.991549588345,1.0,3,6,2
9972.034511165943,1.0,3,6,2
9972.077406845674,1.0,3,6,2
9972.120236728617,1.0,3,6,2
9972.163000915696,1.0,3,6,2
9972.20569950768,1.0,3,6,2
9972.248332605186,1.0,3,6,2
9972.290900308673,1.0,3,6,2
9972.33340271845,1.0,3,6,2
9972.375839934664,1.0,3,6,2
9972.41821205732,1.0,3,6,2
9972.460519186261,1.0,3,6,2
9972.50276142118,1.0,3,6,2
9972.544938861616,1.0,3,6,2
9972.587051606955,1.0,3,6,2
9972.629099756436,1.0,3,6,2
9972.671083409135,1.0,3,6,2
9972.713002663986,1.0,3,6,2
9972.754857619768,1.0,3,6,2
9972.796648375104,1.0,3,6,2
9972.838375028476,1.0,3,6,2
9972.880037678202,1.0,3,6,2
9972.921636422461,1.0,3,6,2
9972.963171359273,1.0,3,6,2
9973.004642586513,1.0,3,6,2
9973.046050201903,1.0,3,6,2
9973.087394303016,1.0,3,6,2
9973.128674987274,1.0,3,6,2
9973.169892351954,1.0,3,6,2
9973.211046494176,1.0,3,6,2
9973.252137510919,1.0,3,6,2
9973.29316549901,1.0,3,6,2
9973.334130555126,1.0,3,6,2
9973.375032775795,1.0,3,6,2
9973.415872257405,1.0,3,6,2
9973.456649096182,1.0,3,6,2
9973.49736338822,1.0,3,6,2
9973.538015229455,1.0,3,6,2
9973.578604715678,1.0,3,6,2
9973.619131942536,1.0,3,6,2
9973.659597005526,1.0,3,6,2
9973.7,1.0,3,6,2
